hsp,lcs,evalue,lg_evalue,query_coverage,targ_dom_pos,locus_tag,assembly,accession,start,end,strand,taxid,replicon_type,replicon_name,feature,gene,start_codon,stop_codon,gene_gc,product,genome_length,genome_gc,length,protein_accession,context,superkingdom,phylum,class,order,family,genus,species
AB00000F231,AB00000F23,8e-104,-103.09691001300806,98.4375,97,DEFDS_RS00990,GCF000010985.1,NC_013939.1,194622,195210,1,639282,main,main,CDS,clpP,ATG,TGA,33.843537414965986,ATP-dependent Clp endopeptidase proteolytic subunit ClpP,2542933,30.310826120861226,195.0,WP_013006952.1,AB00000F24;AB00000F25;AB00000F26;AB00000F27;AB00000F28;AB00000F29;AB00000F2A;AB00000F2B;AB00000F2C;AB00000F2D;AB00000F22;AB00000F21;AB00000F20;AB00000F1Z;AB00000F1Y;AB00000F1X;AB00000F1W;AB00000F1V;AB00000F1U;AB00000F1T,Bacteria,Deferribacterota,Deferribacteres,Deferribacterales,Deferribacteraceae,Deferribacter,Deferribacter desulfuricans
AB00000L0T1,AB00000L0T,3.7e-103,-102.431798275933,99.47916666666667,121,TLL_RS02600,GCF000011345.1,NC_004113.1,505241,505931,1,197221,main,main,CDS,clpP,ATG,TAA,58.11594202898551,ATP-dependent Clp endopeptidase proteolytic subunit ClpP,2593857,53.91792993985405,229.0,WP_011056360.1,AB00000L0U;AB00000L0V;AB00000L0W;AB00000L0X;AB00000L0Y;AB00000L0Z;AB00000L10;AB00000L11;AB00000L12;AB00000L13;AB00000L0S;AB00000L0R;AB00000L0Q;AB00000L0P;AB00000L0O;AB00000L0N;AB00000L0M;AB00000L0L;AB00000L0K,Bacteria,Cyanobacteriota,Cyanophyceae,Pseudanabaenales,Thermosynechococcaceae,Thermosynechococcus,Thermosynechococcus vestitus
AB0000013I1,AB0000013I,5e-96,-95.30102999566398,98.95833333333333,121,AYT24_RS07020,GCF000006985.1,NC_002932.3,1463110,1463788,-1,194439,main,main,CDS,clpP,ATG,TGA,57.9646017699115,ATP-dependent Clp endopeptidase proteolytic subunit ClpP,2154946,56.52967638168195,225.0,WP_010933217.1,AB0000013J;AB0000013K;AB0000013L;AB0000013M;AB0000013N;AB0000013O;AB0000013P;AB0000013Q;AB0000013R;AB0000013H;AB0000013G;AB0000013F;AB0000013E;AB0000013D;AB0000013C,Bacteria,Chlorobiota,Chlorobiia,Chlorobiales,Chlorobiaceae,Chlorobaculum,Chlorobaculum tepidum
AB000006ZD1,AB000006ZD,9.3e-96,-95.03151705144606,98.4375,97,CBU_0738,GCF000007765.2,NC_002971.4,680567,681155,1,227377,main,main,CDS,clpP,ATG,TAG,45.74829931972789,ATP-dependent endopeptidase clp proteolytic subunit,2032807,42.60065023388841,195.0,NP_819764.1,AB000006ZE;AB000006ZF;AB000006ZG;AB000006ZH;AB000006ZI;AB000006ZJ;AB000006ZK;AB000006ZL;AB000006ZM;AB000006ZN;AB000006ZO;AB000006ZP;AB000006ZC;AB000006ZB;AB000006ZA;AB000006Z9;AB000006Z8;AB000006Z7;AB000006Z6;AB000006Z5;AB000006Z4;AB000006Z3;AB000006Z2,Bacteria,Pseudomonadota,Gammaproteobacteria,Legionellales,Coxiellaceae,Coxiella,Coxiella burnetii
AB000002A01,AB000002A0,9.9e-93,-92.00436480540245,98.95833333333333,105,ZMO_RS04250,GCF000007105.1,NC_006526.2,965837,966470,1,264203,main,main,CDS,clpP,ATG,TAA,46.44549763033175,ATP-dependent Clp endopeptidase proteolytic subunit ClpP,2056363,46.328055892855495,210.0,WP_011240805.1,AB000002A1;AB000002A2;AB000002A3;AB000002A4;AB000002A5;AB000002A6;AB000002A7;AB000002A8;AB000002A9;AB000002AA;AB000002AB;AB000002AC;AB000002AD;AB000002AE;AB0000029Z;AB0000029Y;AB0000029X;AB0000029W;AB0000029V;AB0000029U;AB0000029T;AB0000029S;AB0000029R;AB0000029Q;AB0000029P,Bacteria,Pseudomonadota,Alphaproteobacteria,Sphingomonadales,Zymomonadaceae,Zymomonas,Zymomonas mobilis
AB00000LGP1,AB00000LGP,6.3e-91,-90.20065945054642,91.14583333333333,106,TLL_RS05410,GCF000011345.1,NC_004113.1,1108090,1108687,1,197221,main,main,CDS,,ATG,TAG,53.09882747068677,ATP-dependent Clp protease proteolytic subunit,2593857,53.91792993985405,198.0,WP_011056914.1,AB00000LGQ;AB00000LGR;AB00000LGS;AB00000LGT;AB00000LGU;AB00000LGV;AB00000LGW;AB00000LGX;AB00000LGY;AB00000LGZ;AB00000LH0;AB00000LH1;AB00000LH2;AB00000LGO;AB00000LGN;AB00000LGM;AB00000LGL;AB00000LGK;AB00000LGJ;AB00000LGI;AB00000LGH;AB00000LGG;AB00000LGF;AB00000LGE;AB00000LGD,Bacteria,Cyanobacteriota,Cyanophyceae,Pseudanabaenales,Thermosynechococcaceae,Thermosynechococcus,Thermosynechococcus vestitus
AB00000DQ41,AB00000DQ4,1.3e-90,-89.88605664769317,98.4375,98,GAU_RS12410,GCF000010305.1,NC_012489.1,2825526,2826141,1,379066,main,main,CDS,,ATG,TGA,62.4390243902439,ATP-dependent Clp protease proteolytic subunit,4636964,64.27436141406316,204.0,WP_015894221.1,AB00000DQ5;AB00000DQ6;AB00000DQ7;AB00000DQ8;AB00000DQ9;AB00000DQA;AB00000DQB;AB00000DQC;AB00000DQD;AB00000DQ3;AB00000DQ2;AB00000DQ1;AB00000DQ0;AB00000DPZ;AB00000DPY;AB00000DPX,Bacteria,Gemmatimonadota,Gemmatimonadetes,Gemmatimonadales,Gemmatimonadaceae,Gemmatimonas,Gemmatimonas aurantiaca
AB00000R5H1,AB00000R5H,2.7e-90,-89.56863623584101,99.47916666666667,95,PC_RS06610,GCF000011565.2,NC_005861.2,1671301,1671895,1,264201,main,main,CDS,,ATG,TGA,38.72053872053872,ATP-dependent Clp protease proteolytic subunit,2438912,34.76004874304608,197.0,WP_039360024.1,AB00000R5I;AB00000R5J;AB00000R5K;AB00000R5L;AB00000R5M;AB00000R5N;AB00000R5O;AB00000R5G;AB00000R5F;AB00000R5E;AB00000R5D;AB00000R5C;AB00000R5B;AB00000R5A,Bacteria,Chlamydiota,Chlamydiia,Parachlamydiales,Parachlamydiaceae,Candidatus Protochlamydia,Candidatus Protochlamydia amoebophila
AB00000PL11,AB00000PL1,5.1e-90,-89.29242982390207,91.66666666666667,106,GLL_RS19425,GCF000011385.1,NC_005125.1,3974092,3974686,-1,251221,main,main,CDS,,ATG,TGA,61.61616161616162,ATP-dependent Clp protease proteolytic subunit,4659019,61.99785834743322,197.0,WP_011143755.1,AB00000PL2;AB00000PL3;AB00000PL4;AB00000PL5;AB00000PL6;AB00000PL7;AB00000PL8;AB00000PL9;AB00000PLA;AB00000PLB;AB00000PLC;AB00000PL0;AB00000PKZ;AB00000PKY;AB00000PKX;AB00000PKW;AB00000PKV;AB00000PKU;AB00000PKT;AB00000PKS;AB00000PKR;AB00000PKQ;AB00000PKP;AB00000PKO,Bacteria,Cyanobacteriota,Cyanophyceae,Gloeobacterales,Gloeobacteraceae,Gloeobacter,Gloeobacter violaceus
AB000009HH1,AB000009HH,1.6e-86,-85.79588001734407,98.4375,97,STH_RS01885,GCF000009905.1,NC_006177.1,396264,396873,1,292459,main,main,CDS,,ATG,TAG,63.2183908045977,ATP-dependent Clp protease proteolytic subunit,3566135,68.6684043088666,202.0,WP_011194492.1,AB000009HI;AB000009HJ;AB000009HK;AB000009HL;AB000009HM;AB000009HN;AB000009HO;AB000009HG;AB000009HF;AB000009HE;AB000009HD;AB000009HC;AB000009HB;AB000009HA;AB000009H9,Bacteria,Bacillota,Clostridia,Eubacteriales,Symbiobacteriaceae,Symbiobacterium,Symbiobacterium thermophilum
AB000009XD1,AB000009XD,3.5e-86,-85.45593195564973,98.95833333333333,97,STH_RS04690,GCF000009905.1,NC_006177.1,1034396,1034999,1,292459,main,main,CDS,,ATG,TAG,64.8424543946932,ATP-dependent Clp protease proteolytic subunit,3566135,68.6684043088666,200.0,WP_011195046.1,AB000009XE;AB000009XF;AB000009XG;AB000009XH;AB000009XI;AB000009XJ;AB000009XK;AB000009XL;AB000009XM;AB000009XN;AB000009XO;AB000009XP;AB000009XC;AB000009XB;AB000009XA;AB000009X9;AB000009X8;AB000009X7;AB000009X6,Bacteria,Bacillota,Clostridia,Eubacteriales,Symbiobacteriaceae,Symbiobacterium,Symbiobacterium thermophilum
AB00000PL21,AB00000PL2,1.7e-65,-64.76955107862173,90.10416666666667,113,GLL_RS19430,GCF000011385.1,NC_005125.1,3974713,3975370,-1,251221,main,main,CDS,,ATG,TAG,62.10045662100457,ATP-dependent Clp protease proteolytic subunit,4659019,61.99785834743322,218.0,WP_011143756.1,AB00000PL3;AB00000PL4;AB00000PL5;AB00000PL6;AB00000PL7;AB00000PL8;AB00000PL9;AB00000PLA;AB00000PLB;AB00000PLC;AB00000PLD;AB00000PL1;AB00000PL0;AB00000PKZ;AB00000PKY;AB00000PKX;AB00000PKW;AB00000PKV;AB00000PKU;AB00000PKT;AB00000PKS;AB00000PKR;AB00000PKQ;AB00000PKP;AB00000PKO,Bacteria,Cyanobacteriota,Cyanophyceae,Gloeobacterales,Gloeobacteraceae,Gloeobacter,Gloeobacter violaceus
AB00000M0E1,AB00000M0E,3.7e-55,-54.431798275933005,90.10416666666667,109,TLL_RS08935,GCF000011345.1,NC_004113.1,1842361,1843018,-1,197221,main,main,CDS,,ATG,TAG,54.94672754946728,ATP-dependent Clp protease proteolytic subunit,2593857,53.91792993985405,218.0,WP_011057596.1,AB00000M0F;AB00000M0G;AB00000M0H;AB00000M0I;AB00000M0J;AB00000M0K;AB00000M0L;AB00000M0M;AB00000M0N;AB00000M0D;AB00000M0C;AB00000M0B;AB00000M0A;AB00000M09;AB00000M08;AB00000M07;AB00000M06;AB00000M05;AB00000M04,Bacteria,Cyanobacteriota,Cyanophyceae,Pseudanabaenales,Thermosynechococcaceae,Thermosynechococcus,Thermosynechococcus vestitus
AB00000QFU1,AB00000QFU,1.4e-49,-48.85387196432176,88.54166666666667,105,PC_RS02160,GCF000011565.2,NC_005861.2,571954,572557,-1,264201,main,main,CDS,,ATG,TAA,38.640132669983416,ATP-dependent Clp protease proteolytic subunit,2438912,34.76004874304608,200.0,WP_039356797.1,AB00000QFV;AB00000QFW;AB00000QFX;AB00000QFY;AB00000QFZ;AB00000QG0;AB00000QG1;AB00000QG2;AB00000QG3;AB00000QG4;AB00000QFT;AB00000QFS;AB00000QFR;AB00000QFQ;AB00000QFP;AB00000QFO;AB00000QFN,Bacteria,Chlamydiota,Chlamydiia,Parachlamydiales,Parachlamydiaceae,Candidatus Protochlamydia,Candidatus Protochlamydia amoebophila
AB000006GV1,AB000006GV,1.8e-05,-4.7447274948966935,46.875,133,PAE_RS12600,GCF000007225.1,NC_003364.1,2213339,2215166,-1,178306,main,main,CDS,,ATG,TAA,52.38095238095238,S49 family peptidase,2222430,51.36251760460397,608.0,WP_011009556.1,AB000006GW;AB000006GX;AB000006GY;AB000006GZ;AB000006H0;AB000006H1;AB000006H2;AB000006H3;AB000004FU;AB000004FV;AB000004FW;AB000004FX;AB000006GU;AB000006GT;AB000006GS;AB000006GR;AB000006GQ;AB000006GP;AB000006GO;AB000006GN;AB000006GM;AB000006GL;AB000006GK;AB000006GJ;AB000006GI,Archaea,Crenarchaeota,Thermoprotei,Thermoproteales,Thermoproteaceae,Pyrobaculum,Pyrobaculum aerophilum
AB000006GV2,AB000006GV,7300.0,3.863322860120456,8.854166666666666,257,PAE_RS12600,GCF000007225.1,NC_003364.1,2213339,2215166,-1,178306,main,main,CDS,,ATG,TAA,52.38095238095238,S49 family peptidase,2222430,51.36251760460397,608.0,WP_011009556.1,AB000006GW;AB000006GX;AB000006GY;AB000006GZ;AB000006H0;AB000006H1;AB000006H2;AB000006H3;AB000004FU;AB000004FV;AB000004FW;AB000004FX;AB000006GU;AB000006GT;AB000006GS;AB000006GR;AB000006GQ;AB000006GP;AB000006GO;AB000006GN;AB000006GM;AB000006GL;AB000006GK;AB000006GJ;AB000006GI,Archaea,Crenarchaeota,Thermoprotei,Thermoproteales,Thermoproteaceae,Pyrobaculum,Pyrobaculum aerophilum
AB000005XY1,AB000005XY,0.00011,-3.958607314841775,36.979166666666664,86,PAE_RS09350,GCF000007225.1,NC_003364.1,1653367,1655014,-1,178306,main,main,CDS,,ATG,TAA,53.612629022465086,S49 family peptidase,2222430,51.36251760460397,548.0,WP_011008909.1,AB000005XZ;AB000005Y0;AB000005Y1;AB000005Y2;AB000005Y3;AB000005Y4;AB000005Y5;AB000005Y6;AB000005Y7;AB000005Y8;AB000005Y9;AB000005YA;AB000005YB;AB000005YC;AB000005YD;AB000005YE;AB000005XX;AB000005XW;AB000005XV;AB000005XU;AB000005XT;AB000005XS;AB000005XR;AB000005XQ;AB000005XP;AB000005XO;AB000005XN;AB000005XM;AB000005XL;AB000005XK;AB000005XJ;AB000005XI;AB000005XH;AB000005XG,Archaea,Crenarchaeota,Thermoprotei,Thermoproteales,Thermoproteaceae,Pyrobaculum,Pyrobaculum aerophilum
AB000005XY2,AB000005XY,820.0,2.9138138523837167,9.895833333333334,211,PAE_RS09350,GCF000007225.1,NC_003364.1,1653367,1655014,-1,178306,main,main,CDS,,ATG,TAA,53.612629022465086,S49 family peptidase,2222430,51.36251760460397,548.0,WP_011008909.1,AB000005XZ;AB000005Y0;AB000005Y1;AB000005Y2;AB000005Y3;AB000005Y4;AB000005Y5;AB000005Y6;AB000005Y7;AB000005Y8;AB000005Y9;AB000005YA;AB000005YB;AB000005YC;AB000005YD;AB000005YE;AB000005XX;AB000005XW;AB000005XV;AB000005XU;AB000005XT;AB000005XS;AB000005XR;AB000005XQ;AB000005XP;AB000005XO;AB000005XN;AB000005XM;AB000005XL;AB000005XK;AB000005XJ;AB000005XI;AB000005XH;AB000005XG,Archaea,Crenarchaeota,Thermoprotei,Thermoproteales,Thermoproteaceae,Pyrobaculum,Pyrobaculum aerophilum
AB00000GK51,AB00000GK5,0.00036,-3.4436974992327127,41.145833333333336,81,DEFDS_RS10555,GCF000010985.1,NC_013939.1,2128985,2129843,-1,639282,main,main,CDS,sppA,ATG,TAG,30.303030303030305,signal peptide peptidase SppA,2542933,30.310826120861226,285.0,WP_013008786.1,AB00000GK6;AB00000GK7;AB00000GK8;AB00000GK9;AB00000GKA;AB00000GKB;AB00000GKC;AB00000GKD;AB00000GKE;AB00000GK4;AB00000GK3;AB00000GK2;AB00000GK1;AB00000GK0;AB00000GJZ;AB00000GJY,Bacteria,Deferribacterota,Deferribacteres,Deferribacterales,Deferribacteraceae,Deferribacter,Deferribacter desulfuricans
AB00000GK52,AB00000GK5,930.0,2.9684829485539352,22.395833333333332,208,DEFDS_RS10555,GCF000010985.1,NC_013939.1,2128985,2129843,-1,639282,main,main,CDS,sppA,ATG,TAG,30.303030303030305,signal peptide peptidase SppA,2542933,30.310826120861226,285.0,WP_013008786.1,AB00000GK6;AB00000GK7;AB00000GK8;AB00000GK9;AB00000GKA;AB00000GKB;AB00000GKC;AB00000GKD;AB00000GKE;AB00000GK4;AB00000GK3;AB00000GK2;AB00000GK1;AB00000GK0;AB00000GJZ;AB00000GJY,Bacteria,Deferribacterota,Deferribacteres,Deferribacterales,Deferribacteraceae,Deferribacter,Deferribacter desulfuricans
AB00000BDN1,AB00000BDN,0.00027,-3.5686362358410126,32.291666666666664,103,STH_RS13885,GCF000009905.1,NC_006177.1,3007646,3008573,-1,292459,main,main,CDS,sppA,ATG,TAG,70.55016181229773,signal peptide peptidase SppA,3566135,68.6684043088666,308.0,WP_043714192.1,AB00000BDO;AB00000BDP;AB00000BDQ;AB00000BDR;AB00000BDS;AB00000BDT;AB00000BDU;AB00000BDV;AB00000BDW;AB00000BDX;AB00000BDY;AB00000BDZ;AB00000BE0;AB00000BDM;AB00000BDL;AB00000BDK;AB00000BDJ;AB00000BDI;AB00000BDH;AB00000BDG;AB00000BDF;AB00000BDE;AB00000BDD;AB00000BDC,Bacteria,Bacillota,Clostridia,Eubacteriales,Symbiobacteriaceae,Symbiobacterium,Symbiobacterium thermophilum
AB00000BDN2,AB00000BDN,4700.0,3.6720978579357175,16.145833333333332,229,STH_RS13885,GCF000009905.1,NC_006177.1,3007646,3008573,-1,292459,main,main,CDS,sppA,ATG,TAG,70.55016181229773,signal peptide peptidase SppA,3566135,68.6684043088666,308.0,WP_043714192.1,AB00000BDO;AB00000BDP;AB00000BDQ;AB00000BDR;AB00000BDS;AB00000BDT;AB00000BDU;AB00000BDV;AB00000BDW;AB00000BDX;AB00000BDY;AB00000BDZ;AB00000BE0;AB00000BDM;AB00000BDL;AB00000BDK;AB00000BDJ;AB00000BDI;AB00000BDH;AB00000BDG;AB00000BDF;AB00000BDE;AB00000BDD;AB00000BDC,Bacteria,Bacillota,Clostridia,Eubacteriales,Symbiobacteriaceae,Symbiobacterium,Symbiobacterium thermophilum
AB000007TV1,AB000007TV,0.13,-0.8860566476931632,32.8125,114,CBU_1986,GCF000007765.2,NC_002971.4,1896521,1897463,1,227377,main,main,CDS,sppA,ATG,TAA,45.64755838641189,signal peptide peptidase,2032807,42.60065023388841,313.0,NP_820961.1,AB000007TW;AB000007TX;AB000007TY;AB000007TZ;AB000007U0;AB000007U1;AB000007U2;AB000007U3;AB000007U4;AB000007U5;AB000007U6;AB000007U7;AB000007U8;AB000007U9;AB000007TU;AB000007TT;AB000007TS;AB000007TR;AB000007TQ;AB000007TP;AB000007TO;AB000007TN;AB000007TM;AB000007TL;AB000007TK;AB000007TJ,Bacteria,Pseudomonadota,Gammaproteobacteria,Legionellales,Coxiellaceae,Coxiella,Coxiella burnetii
AB000007TV2,AB000007TV,1200.0,3.0791812460476247,27.604166666666668,229,CBU_1986,GCF000007765.2,NC_002971.4,1896521,1897463,1,227377,main,main,CDS,sppA,ATG,TAA,45.64755838641189,signal peptide peptidase,2032807,42.60065023388841,313.0,NP_820961.1,AB000007TW;AB000007TX;AB000007TY;AB000007TZ;AB000007U0;AB000007U1;AB000007U2;AB000007U3;AB000007U4;AB000007U5;AB000007U6;AB000007U7;AB000007U8;AB000007U9;AB000007TU;AB000007TT;AB000007TS;AB000007TR;AB000007TQ;AB000007TP;AB000007TO;AB000007TN;AB000007TM;AB000007TL;AB000007TK;AB000007TJ,Bacteria,Pseudomonadota,Gammaproteobacteria,Legionellales,Coxiellaceae,Coxiella,Coxiella burnetii
AB00000AF31,AB00000AF3,0.027,-1.5686362358410126,32.291666666666664,111,STH_RS07855,GCF000009905.1,NC_006177.1,1694028,1694811,1,292459,main,main,CDS,,ATG,TGA,68.96551724137932,ATP-dependent Clp protease proteolytic subunit,3566135,68.6684043088666,260.0,WP_011195687.1,AB00000AF4;AB00000AF5;AB00000AF6;AB00000AF7;AB00000AF8;AB00000AF9;AB00000AFA;AB00000AFB;AB00000AF2;AB00000AF1;AB00000AF0;AB00000AEZ;AB00000AEY;AB00000AEX;AB00000AEW;AB00000AEV;AB00000AEU;AB00000AET,Bacteria,Bacillota,Clostridia,Eubacteriales,Symbiobacteriaceae,Symbiobacterium,Symbiobacterium thermophilum
AB00000FJC1,AB00000FJC,0.039,-1.408935392973501,70.3125,117,DEFDS_RS04025,GCF000010985.1,NC_013939.1,799070,800312,-1,639282,main,main,CDS,,ATG,TGA,28.98550724637681,nodulation protein NfeD,2542933,30.310826120861226,413.0,WP_041223604.1,AB00000FJD;AB00000FJE;AB00000FJF;AB00000FJG;AB00000FJH;AB00000FJI;AB00000FJJ;AB00000FJK;AB00000FJL;AB00000FJM;AB00000FJN;AB00000FJB;AB00000FJA;AB00000FJ9;AB00000FJ8;AB00000FJ7;AB00000FJ6;AB00000FJ5,Bacteria,Deferribacterota,Deferribacteres,Deferribacterales,Deferribacteraceae,Deferribacter,Deferribacter desulfuricans
AB00000FJC2,AB00000FJC,11000.0,4.041392685158225,10.416666666666666,244,DEFDS_RS04025,GCF000010985.1,NC_013939.1,799070,800312,-1,639282,main,main,CDS,,ATG,TGA,28.98550724637681,nodulation protein NfeD,2542933,30.310826120861226,413.0,WP_041223604.1,AB00000FJD;AB00000FJE;AB00000FJF;AB00000FJG;AB00000FJH;AB00000FJI;AB00000FJJ;AB00000FJK;AB00000FJL;AB00000FJM;AB00000FJN;AB00000FJB;AB00000FJA;AB00000FJ9;AB00000FJ8;AB00000FJ7;AB00000FJ6;AB00000FJ5,Bacteria,Deferribacterota,Deferribacteres,Deferribacterales,Deferribacteraceae,Deferribacter,Deferribacter desulfuricans
AB00000QK11,AB00000QK1,0.064,-1.193820026016113,38.020833333333336,82,PC_RS02760,GCF000011565.2,NC_005861.2,732216,732822,-1,264201,main,main,CDS,,ATG,TAA,36.13861386138614,hypothetical protein,2438912,34.76004874304608,201.0,WP_011175127.1,AB00000QK2;AB00000QK3;AB00000QK4;AB00000QK5;AB00000QK6;AB00000QK7;AB00000QK8;AB00000QK9;AB00000QKA;AB00000QK0;AB00000QJZ;AB00000QJY;AB00000QJX;AB00000QJW;AB00000QJV;AB00000QJU;AB00000QJT;AB00000QJS;AB00000QJR;AB00000QJQ,Bacteria,Chlamydiota,Chlamydiia,Parachlamydiales,Parachlamydiaceae,Candidatus Protochlamydia,Candidatus Protochlamydia amoebophila
AB00000I1Y1,AB00000I1Y,0.25,-0.6020599913279624,29.6875,121,MCP_RS07540,GCF000011005.1,NC_013665.1,1499209,1500091,-1,304371,main,main,CDS,sppA,TTG,TAA,53.6281179138322,signal peptide peptidase SppA,2957635,54.91688460543644,293.0,WP_012900246.1,AB00000I1Z;AB00000I20;AB00000I21;AB00000I22;AB00000I23;AB00000I24;AB00000I25;AB00000I26;AB00000I27;AB00000I28;AB00000I29;AB00000I2A;AB00000I2B;AB00000I2C;AB00000I2D;AB00000I2E;AB00000I2F;AB00000I1X;AB00000I1W;AB00000I1V;AB00000I1U;AB00000I1T;AB00000I1S;AB00000I1R;AB00000I1Q;AB00000I1P,Archaea,Euryarchaeota,Methanomicrobia,Methanocellales,Methanocellaceae,Methanocella,Methanocella paludicola
AB00000I1Y2,AB00000I1Y,4200.0,3.6232492903979003,20.3125,243,MCP_RS07540,GCF000011005.1,NC_013665.1,1499209,1500091,-1,304371,main,main,CDS,sppA,TTG,TAA,53.6281179138322,signal peptide peptidase SppA,2957635,54.91688460543644,293.0,WP_012900246.1,AB00000I1Z;AB00000I20;AB00000I21;AB00000I22;AB00000I23;AB00000I24;AB00000I25;AB00000I26;AB00000I27;AB00000I28;AB00000I29;AB00000I2A;AB00000I2B;AB00000I2C;AB00000I2D;AB00000I2E;AB00000I2F;AB00000I1X;AB00000I1W;AB00000I1V;AB00000I1U;AB00000I1T;AB00000I1S;AB00000I1R;AB00000I1Q;AB00000I1P,Archaea,Euryarchaeota,Methanomicrobia,Methanocellales,Methanocellaceae,Methanocella,Methanocella paludicola
AB000008JN1,AB000008JN,0.38,-0.42021640338318983,23.4375,556,PTO_RS03935,GCF000008265.1,NC_005877.1,762724,764986,-1,263820,main,main,CDS,,ATG,TGA,37.97524314765694,DNA topoisomerase I,1545895,35.97042489949188,753.0,WP_011177548.1,AB000008JO;AB000008JP;AB000008JQ;AB000008JR;AB000008JS;AB000008JT;AB000008JU;AB000008JV;AB000008JW;AB000008JX;AB000008JY;AB000008JZ;AB000008K0;AB000008K1;AB000008JM;AB000008JL;AB000008JK;AB000008JJ;AB000008JI;AB000008JH;AB000008JG;AB000008JF;AB000008JE;AB000008JD;AB000008JC,Archaea,Candidatus Thermoplasmatota,Thermoplasmata,Thermoplasmatales,Picrophilaceae,Picrophilus,Picrophilus torridus
AB000000KT1,AB000000KT,0.44,-0.3565473235138126,72.91666666666667,105,AYT24_RS03715,GCF000006985.1,NC_002932.3,760997,762266,1,194439,main,main,CDS,,GTG,TGA,60.52009456264776,ATP-dependent Clp protease proteolytic subunit,2154946,56.52967638168195,422.0,WP_226986859.1,AB000000KU;AB000000KV;AB000000KW;AB000000KX;AB000000KY;AB000000KZ;AB000000L0;AB000000L1;AB000000L2;AB000000L3;AB000000L4;AB000000L5;AB000000L6;AB000000L7;AB000000L8;AB000000KS;AB000000KR;AB000000KQ;AB000000KP;AB000000KO;AB000000KN;AB000000KM;AB000000KL;AB000000KK;AB000000KJ;AB000000KI;AB000000KH;AB000000KG;AB000000KF,Bacteria,Chlorobiota,Chlorobiia,Chlorobiales,Chlorobiaceae,Chlorobaculum,Chlorobaculum tepidum
AB00000DTV1,AB00000DTV,0.56,-0.25181197299379954,27.083333333333332,403,GAU_RS13095,GCF000010305.1,NC_012489.1,2982291,2984208,1,379066,main,main,CDS,sppA,ATG,TAG,65.8320292123109,signal peptide peptidase SppA,4636964,64.27436141406316,638.0,WP_015894357.1,AB00000DTW;AB00000DTX;AB00000DTY;AB00000DTZ;AB00000DU0;AB00000DU1;AB00000DU2;AB00000DU3;AB00000DTU;AB00000DTT;AB00000DTS;AB00000DTR;AB00000DTQ;AB00000DTP;AB00000DTO;AB00000DTN;AB00000DTM;AB00000DTL;AB00000DTK,Bacteria,Gemmatimonadota,Gemmatimonadetes,Gemmatimonadales,Gemmatimonadaceae,Gemmatimonas,Gemmatimonas aurantiaca
